<printer>
  <size>228:127</size>
  <pic>2010111718098.jpg</pic>
  <kind>海航天天快递</kind>
  <item>
    <name>收货人-姓名_0</name>
    <font>Verdana</font>
    <fontsize>12</fontsize>
    <border>0</border>
    <italic>0</italic>
    <align>left</align>
    <position>134:59:491:107</position>
  </item>
  <item>
    <name>收货人-地址_1</name>
    <font>Verdana</font>
    <fontsize>12</fontsize>
    <border>0</border>
    <italic>0</italic>
    <align>left</align>
    <position>342:111:431:189</position>
  </item>
  <item>
    <name>收货人-电话_2</name>
    <font>Verdana</font>
    <fontsize>12</fontsize>
    <border>0</border>
    <italic>0</italic>
    <align>left</align>
    <position>127:63:633:277</position>
  </item>
  <item>
    <name>收货人-手机_3</name>
    <font>Verdana</font>
    <fontsize>12</fontsize>
    <border>0</border>
    <italic>0</italic>
    <align>left</align>
    <position>136:63:483:276</position>
  </item>
  <item>
    <name>发货人-姓名_4</name>
    <font>Verdana</font>
    <fontsize>12</fontsize>
    <border>0</border>
    <italic>0</italic>
    <align>left</align>
    <position>126:59:151:92</position>
  </item>
  <item>
    <name>发货人-地址_6</name>
    <font>Verdana</font>
    <fontsize>12</fontsize>
    <border>0</border>
    <italic>0</italic>
    <align>left</align>
    <position>347:86:73:189</position>
  </item>
  <item>
    <name>发货人-电话_7</name>
    <font>Verdana</font>
    <fontsize>12</fontsize>
    <border>0</border>
    <italic>0</italic>
    <align>left</align>
    <position>139:64:269:254</position>
  </item>
  <item>
    <name>发货人-手机_8</name>
    <font>Verdana</font>
    <fontsize>12</fontsize>
    <border>0</border>
    <italic>0</italic>
    <align>left</align>
    <position>137:63:118:253</position>
  </item>
  <item>
    <name>网店名称_9</name>
    <font>Verdana</font>
    <fontsize>12</fontsize>
    <border>0</border>
    <italic>0</italic>
    <align>left</align>
    <position>294:61:153:119</position>
  </item>
  <item>
    <name>发货人-地区1级_0</name>
    <font>Verdana</font>
    <fontsize>12</fontsize>
    <border>0</border>
    <italic>0</italic>
    <align>left</align>
    <position>133:67:139:153</position>
  </item>
  <item>
    <name>发货人-地区2级_1</name>
    <font>Verdana</font>
    <fontsize>12</fontsize>
    <border>0</border>
    <italic>0</italic>
    <align>left</align>
    <position>135:67:237:153</position>
  </item>
  <item>
    <name>发货人-地区3级_2</name>
    <font>Verdana</font>
    <fontsize>12</fontsize>
    <border>0</border>
    <italic>0</italic>
    <align>left</align>
    <position>124:67:337:153</position>
  </item>
  <item>
    <name>收货人-地区1级_4</name>
    <font>Verdana</font>
    <fontsize>12</fontsize>
    <border>0</border>
    <italic>0</italic>
    <align>left</align>
    <position>130:63:495:159</position>
  </item>
  <item>
    <name>收货人-地区2级_5</name>
    <font>Verdana</font>
    <fontsize>12</fontsize>
    <border>0</border>
    <italic>0</italic>
    <align>left</align>
    <position>135:63:589:159</position>
  </item>
  <item>
    <name>收货人-地区3级_6</name>
    <font>Verdana</font>
    <fontsize>12</fontsize>
    <border>0</border>
    <italic>0</italic>
    <align>left</align>
    <position>119:63:689:159</position>
  </item>
  <item>
    <name>订单-详情_7</name>
    <font>Verdana</font>
    <fontsize>12</fontsize>
    <border>0</border>
    <italic>0</italic>
    <align>left</align>
    <position>327:65:101:280</position>
  </item>
  <item>
    <name>订单-订单号_8</name>
    <font>Verdana</font>
    <fontsize>12</fontsize>
    <border>0</border>
    <italic>0</italic>
    <align>left</align>
    <position>186:63:101:326</position>
  </item>
  <item>
    <name>订单-备注_9</name>
    <font>Verdana</font>
    <fontsize>12</fontsize>
    <border>0</border>
    <italic>0</italic>
    <align>left</align>
    <position>139:70:350:314</position>
  </item>
  <item>
    <name>始发地-地区_0</name>
    <font>Verdana</font>
    <fontsize>12</fontsize>
    <border>0</border>
    <italic>0</italic>
    <align>left</align>
    <position>105:55:284:91</position>
  </item>
  <item>
    <name>目的地-地区_1</name>
    <font>Verdana</font>
    <fontsize>12</fontsize>
    <border>0</border>
    <italic>0</italic>
    <align>left</align>
    <position>105:55:626:107</position>
  </item>
</printer>
