<printer>
  <size>230:127</size>
  <pic>2010111758806.jpg</pic>
  <kind>中通速递</kind>
  <item>
    <name>收货人-姓名_0</name>
    <font>Verdana</font>
    <fontsize>12</fontsize>
    <border>0</border>
    <italic>0</italic>
    <align>left</align>
    <position>125:48:483:111</position>
  </item>
  <item>
    <name>收货人-地址_1</name>
    <font>Verdana</font>
    <fontsize>12</fontsize>
    <border>0</border>
    <italic>0</italic>
    <align>left</align>
    <position>309:84:456:169</position>
  </item>
  <item>
    <name>收货人-电话_2</name>
    <font>Verdana</font>
    <fontsize>12</fontsize>
    <border>0</border>
    <italic>0</italic>
    <align>left</align>
    <position>138:45:479:259</position>
  </item>
  <item>
    <name>收货人-邮编_3</name>
    <font>Verdana</font>
    <fontsize>12</fontsize>
    <border>0</border>
    <italic>0</italic>
    <align>left</align>
    <position>115:48:643:245</position>
  </item>
  <item>
    <name>收货人-手机_4</name>
    <font>Verdana</font>
    <fontsize>12</fontsize>
    <border>0</border>
    <italic>0</italic>
    <align>left</align>
    <position>137:50:479:233</position>
  </item>
  <item>
    <name>发货人-姓名_6</name>
    <font>Verdana</font>
    <fontsize>12</fontsize>
    <border>0</border>
    <italic>0</italic>
    <align>left</align>
    <position>118:50:144:111</position>
  </item>
  <item>
    <name>发货人-地址_8</name>
    <font>Verdana</font>
    <fontsize>12</fontsize>
    <border>0</border>
    <italic>0</italic>
    <align>left</align>
    <position>299:72:118:160</position>
  </item>
  <item>
    <name>发货人-电话_9</name>
    <font>Verdana</font>
    <fontsize>12</fontsize>
    <border>0</border>
    <italic>0</italic>
    <align>left</align>
    <position>130:47:139:266</position>
  </item>
  <item>
    <name>发货人-邮编_10</name>
    <font>Verdana</font>
    <fontsize>12</fontsize>
    <border>0</border>
    <italic>0</italic>
    <align>left</align>
    <position>118:47:298:245</position>
  </item>
  <item>
    <name>发货人-手机_11</name>
    <font>Verdana</font>
    <fontsize>12</fontsize>
    <border>0</border>
    <italic>0</italic>
    <align>left</align>
    <position>129:47:140:243</position>
  </item>
  <item>
    <name>网店名称_12</name>
    <font>Verdana</font>
    <fontsize>12</fontsize>
    <border>0</border>
    <italic>0</italic>
    <align>left</align>
    <position>274:49:126:210</position>
  </item>
  <item>
    <name>发货人-地区1级_0</name>
    <font>Verdana</font>
    <fontsize>12</fontsize>
    <border>0</border>
    <italic>0</italic>
    <align>left</align>
    <position>120:45:137:139</position>
  </item>
  <item>
    <name>发货人-地区2级_1</name>
    <font>Verdana</font>
    <fontsize>12</fontsize>
    <border>0</border>
    <italic>0</italic>
    <align>left</align>
    <position>119:45:232:139</position>
  </item>
  <item>
    <name>发货人-地区3级_2</name>
    <font>Verdana</font>
    <fontsize>12</fontsize>
    <border>0</border>
    <italic>0</italic>
    <align>left</align>
    <position>113:45:326:139</position>
  </item>
  <item>
    <name>收货人-地区1级_3</name>
    <font>Verdana</font>
    <fontsize>12</fontsize>
    <border>0</border>
    <italic>0</italic>
    <align>left</align>
    <position>119:50:474:141</position>
  </item>
  <item>
    <name>收货人-地区2级_4</name>
    <font>Verdana</font>
    <fontsize>12</fontsize>
    <border>0</border>
    <italic>0</italic>
    <align>left</align>
    <position>119:50:568:141</position>
  </item>
  <item>
    <name>收货人-地区3级_5</name>
    <font>Verdana</font>
    <fontsize>12</fontsize>
    <border>0</border>
    <italic>0</italic>
    <align>left</align>
    <position>112:50:662:141</position>
  </item>
  <item>
    <name>订单-详情_6</name>
    <font>Verdana</font>
    <fontsize>12</fontsize>
    <border>0</border>
    <italic>0</italic>
    <align>left</align>
    <position>201:52:200:319</position>
  </item>
  <item>
    <name>订单-订单号_7</name>
    <font>Verdana</font>
    <fontsize>12</fontsize>
    <border>0</border>
    <italic>0</italic>
    <align>left</align>
    <position>127:54:280:279</position>
  </item>
  <item>
    <name>订单-备注_8</name>
    <font>Verdana</font>
    <fontsize>12</fontsize>
    <border>0</border>
    <italic>0</italic>
    <align>left</align>
    <position>149:68:392:349</position>
  </item>
  <item>
    <name>始发地-地区_0</name>
    <font>Verdana</font>
    <fontsize>12</fontsize>
    <border>0</border>
    <italic>0</italic>
    <align>left</align>
    <position>110:60:276:109</position>
  </item>
  <item>
    <name>目的地-地区_1</name>
    <font>Verdana</font>
    <fontsize>12</fontsize>
    <border>0</border>
    <italic>0</italic>
    <align>left</align>
    <position>110:60:621:108</position>
  </item>
</printer>
