<printer>
  <size>228:127</size>
  <pic>2010111733136.jpg</pic>
  <kind>宅急送</kind>
  <item>
    <name>收货人-姓名_0</name>
    <font>Verdana</font>
    <fontsize>12</fontsize>
    <border>0</border>
    <italic>0</italic>
    <align>left</align>
    <position>110:40:500:126</position>
  </item>
  <item>
    <name>收货人-地址_1</name>
    <font>Verdana</font>
    <fontsize>12</fontsize>
    <border>0</border>
    <italic>0</italic>
    <align>left</align>
    <position>313:75:463:182</position>
  </item>
  <item>
    <name>收货人-电话_2</name>
    <font>Verdana</font>
    <fontsize>12</fontsize>
    <border>0</border>
    <italic>0</italic>
    <align>left</align>
    <position>147:44:462:248</position>
  </item>
  <item>
    <name>收货人-手机_3</name>
    <font>Verdana</font>
    <fontsize>12</fontsize>
    <border>0</border>
    <italic>0</italic>
    <align>left</align>
    <position>132:42:645:249</position>
  </item>
  <item>
    <name>发货人-姓名_5</name>
    <font>Verdana</font>
    <fontsize>12</fontsize>
    <border>0</border>
    <italic>0</italic>
    <align>left</align>
    <position>121:40:126:126</position>
  </item>
  <item>
    <name>发货人-地址_7</name>
    <font>Verdana</font>
    <fontsize>12</fontsize>
    <border>0</border>
    <italic>0</italic>
    <align>left</align>
    <position>310:72:104:162</position>
  </item>
  <item>
    <name>发货人-电话_8</name>
    <font>Verdana</font>
    <fontsize>12</fontsize>
    <border>0</border>
    <italic>0</italic>
    <align>left</align>
    <position>133:41:107:250</position>
  </item>
  <item>
    <name>发货人-手机_9</name>
    <font>Verdana</font>
    <fontsize>12</fontsize>
    <border>0</border>
    <italic>0</italic>
    <align>left</align>
    <position>132:45:287:248</position>
  </item>
  <item>
    <name>网店名称_10</name>
    <font>Verdana</font>
    <fontsize>12</fontsize>
    <border>0</border>
    <italic>0</italic>
    <align>left</align>
    <position>298:37:111:222</position>
  </item>
  <item>
    <name>订单-送货时间_11</name>
    <font>Verdana</font>
    <fontsize>12</fontsize>
    <border>0</border>
    <italic>0</italic>
    <align>left</align>
    <position>155:37:59:462</position>
  </item>
  <item>
    <name>收货人-地区1级_0</name>
    <font>Verdana</font>
    <fontsize>12</fontsize>
    <border>0</border>
    <italic>0</italic>
    <align>left</align>
    <position>108:41:455:155</position>
  </item>
  <item>
    <name>收货人-地区2级_1</name>
    <font>Verdana</font>
    <fontsize>12</fontsize>
    <border>0</border>
    <italic>0</italic>
    <align>left</align>
    <position>113:41:548:155</position>
  </item>
  <item>
    <name>收货人-地区3级_2</name>
    <font>Verdana</font>
    <fontsize>12</fontsize>
    <border>0</border>
    <italic>0</italic>
    <align>left</align>
    <position>112:41:646:155</position>
  </item>
  <item>
    <name>订单-订单号_3</name>
    <font>Verdana</font>
    <fontsize>12</fontsize>
    <border>0</border>
    <italic>0</italic>
    <align>left</align>
    <position>173:41:290:281</position>
  </item>
  <item>
    <name>订单-详情_4</name>
    <font>Verdana</font>
    <fontsize>12</fontsize>
    <border>0</border>
    <italic>0</italic>
    <align>left</align>
    <position>170:56:309:384</position>
  </item>
  <item>
    <name>订单-备注_5</name>
    <font>Verdana</font>
    <fontsize>12</fontsize>
    <border>0</border>
    <italic>0</italic>
    <align>left</align>
    <position>160:54:491:384</position>
  </item>
  <item>
    <name>始发地-地区_0</name>
    <font>Verdana</font>
    <fontsize>12</fontsize>
    <border>0</border>
    <italic>0</italic>
    <align>left</align>
    <position>105:55:268:123</position>
  </item>
  <item>
    <name>目的地-地区_1</name>
    <font>Verdana</font>
    <fontsize>12</fontsize>
    <border>0</border>
    <italic>0</italic>
    <align>left</align>
    <position>105:55:629:125</position>
  </item>
</printer>
