<printer>
  <size>228:127</size>
  <pic>2010111727247.jpg</pic>
  <kind>邮政平邮</kind>
  <item>
    <name>收货人-手机_2</name>
    <font>Verdana</font>
    <fontsize>12</fontsize>
    <border>0</border>
    <italic>0</italic>
    <align>left</align>
    <position>137:60:306:160</position>
  </item>
  <item>
    <name>收货人-电话_3</name>
    <font>Verdana</font>
    <fontsize>12</fontsize>
    <border>0</border>
    <italic>0</italic>
    <align>left</align>
    <position>137:58:306:184</position>
  </item>
  <item>
    <name>发货人-姓名_4</name>
    <font>Verdana</font>
    <fontsize>12</fontsize>
    <border>0</border>
    <italic>0</italic>
    <align>left</align>
    <position>133:58:157:282</position>
  </item>
  <item>
    <name>收货人-邮编_5</name>
    <font>Verdana</font>
    <fontsize>12</fontsize>
    <border>0</border>
    <italic>0</italic>
    <align>left</align>
    <position>155:60:108:71</position>
  </item>
  <item>
    <name>发货人-手机_6</name>
    <font>Verdana</font>
    <fontsize>12</fontsize>
    <border>0</border>
    <italic>0</italic>
    <align>left</align>
    <position>154:58:295:281</position>
  </item>
  <item>
    <name>网店名称_8</name>
    <font>Verdana</font>
    <fontsize>12</fontsize>
    <border>0</border>
    <italic>0</italic>
    <align>left</align>
    <position>296:58:184:305</position>
  </item>
  <item>
    <name>发货人-地址_9</name>
    <font>Verdana</font>
    <fontsize>12</fontsize>
    <border>0</border>
    <italic>0</italic>
    <align>left</align>
    <position>358:69:116:357</position>
  </item>
  <item>
    <name>发货人-邮编_10</name>
    <font>Verdana</font>
    <fontsize>12</fontsize>
    <border>0</border>
    <italic>0</italic>
    <align>left</align>
    <position>127:58:323:392</position>
  </item>
  <item>
    <name>收货人-地区1级_1</name>
    <font>Verdana</font>
    <fontsize>12</fontsize>
    <border>0</border>
    <italic>0</italic>
    <align>left</align>
    <position>129:63:181:215</position>
  </item>
  <item>
    <name>收货人-地区2级_2</name>
    <font>Verdana</font>
    <fontsize>12</fontsize>
    <border>0</border>
    <italic>0</italic>
    <align>left</align>
    <position>131:63:275:215</position>
  </item>
  <item>
    <name>收货人-地区3级_3</name>
    <font>Verdana</font>
    <fontsize>12</fontsize>
    <border>0</border>
    <italic>0</italic>
    <align>left</align>
    <position>126:63:369:215</position>
  </item>
  <item>
    <name>收货人-地址_4</name>
    <font>Verdana</font>
    <fontsize>12</fontsize>
    <border>0</border>
    <italic>0</italic>
    <align>left</align>
    <position>361:67:119:247</position>
  </item>
  <item>
    <name>发货人-地区1级_5</name>
    <font>Verdana</font>
    <fontsize>12</fontsize>
    <border>0</border>
    <italic>0</italic>
    <align>left</align>
    <position>134:60:179:330</position>
  </item>
  <item>
    <name>发货人-地区2级_6</name>
    <font>Verdana</font>
    <fontsize>12</fontsize>
    <border>0</border>
    <italic>0</italic>
    <align>left</align>
    <position>131:60:278:330</position>
  </item>
  <item>
    <name>发货人-地区3级_7</name>
    <font>Verdana</font>
    <fontsize>12</fontsize>
    <border>0</border>
    <italic>0</italic>
    <align>left</align>
    <position>122:60:374:330</position>
  </item>
  <item>
    <name>订单-订单号_8</name>
    <font>Verdana</font>
    <fontsize>12</fontsize>
    <border>0</border>
    <italic>0</italic>
    <align>left</align>
    <position>191:69:457:168</position>
  </item>
  <item>
    <name>订单-详情_9</name>
    <font>Verdana</font>
    <fontsize>12</fontsize>
    <border>0</border>
    <italic>0</italic>
    <align>left</align>
    <position>228:81:458:214</position>
  </item>
</printer>