<printer>
  <size>230:127</size>
  <pic>2010111741205.jpg</pic>
  <kind>韵达快运</kind>
  <item>
    <name>收货人-姓名_0</name>
    <font>Verdana</font>
    <fontsize>12</fontsize>
    <border>0</border>
    <italic>0</italic>
    <align>left</align>
    <position>133:42:461:224</position>
  </item>
  <item>
    <name>收货人-地址_1</name>
    <font>Verdana</font>
    <fontsize>12</fontsize>
    <border>0</border>
    <italic>0</italic>
    <align>left</align>
    <position>360:87:409:154</position>
  </item>
  <item>
    <name>收货人-邮编_3</name>
    <font>Verdana</font>
    <fontsize>12</fontsize>
    <border>0</border>
    <italic>0</italic>
    <align>left</align>
    <position>123:44:650:224</position>
  </item>
  <item>
    <name>收货人-手机_4</name>
    <font>Verdana</font>
    <fontsize>12</fontsize>
    <border>0</border>
    <italic>0</italic>
    <align>left</align>
    <position>125:46:652:85</position>
  </item>
  <item>
    <name>发货人-姓名_6</name>
    <font>Verdana</font>
    <fontsize>12</fontsize>
    <border>0</border>
    <italic>0</italic>
    <align>left</align>
    <position>111:43:114:90</position>
  </item>
  <item>
    <name>发货人-地址_8</name>
    <font>Verdana</font>
    <fontsize>12</fontsize>
    <border>0</border>
    <italic>0</italic>
    <align>left</align>
    <position>336:79:71:167</position>
  </item>
  <item>
    <name>发货人-邮编_10</name>
    <font>Verdana</font>
    <fontsize>12</fontsize>
    <border>0</border>
    <italic>0</italic>
    <align>left</align>
    <position>116:44:292:227</position>
  </item>
  <item>
    <name>发货人-手机_11</name>
    <font>Verdana</font>
    <fontsize>12</fontsize>
    <border>0</border>
    <italic>0</italic>
    <align>left</align>
    <position>126:43:148:227</position>
  </item>
  <item>
    <name>网店名称_12</name>
    <font>Verdana</font>
    <fontsize>12</fontsize>
    <border>0</border>
    <italic>0</italic>
    <align>left</align>
    <position>274:43:122:115</position>
  </item>
  <item>
    <name>收货人-地区1级_0</name>
    <font>Verdana</font>
    <fontsize>12</fontsize>
    <border>0</border>
    <italic>0</italic>
    <align>left</align>
    <position>110:47:455:125</position>
  </item>
  <item>
    <name>发货人-地区1级_1</name>
    <font>Verdana</font>
    <fontsize>12</fontsize>
    <border>0</border>
    <italic>0</italic>
    <align>left</align>
    <position>113:44:106:140</position>
  </item>
  <item>
    <name>发货人-地区2级_2</name>
    <font>Verdana</font>
    <fontsize>12</fontsize>
    <border>0</border>
    <italic>0</italic>
    <align>left</align>
    <position>117:45:199:140</position>
  </item>
  <item>
    <name>发货人-地区3级_3</name>
    <font>Verdana</font>
    <fontsize>12</fontsize>
    <border>0</border>
    <italic>0</italic>
    <align>left</align>
    <position>116:45:296:140</position>
  </item>
  <item>
    <name>收货人-地区2级_4</name>
    <font>Verdana</font>
    <fontsize>12</fontsize>
    <border>0</border>
    <italic>0</italic>
    <align>left</align>
    <position>116:47:545:125</position>
  </item>
  <item>
    <name>收货人-地区3级_5</name>
    <font>Verdana</font>
    <fontsize>12</fontsize>
    <border>0</border>
    <italic>0</italic>
    <align>left</align>
    <position>120:47:640:125</position>
  </item>
  <item>
    <name>订单-详情_6</name>
    <font>Verdana</font>
    <fontsize>12</fontsize>
    <border>0</border>
    <italic>0</italic>
    <align>left</align>
    <position>301:46:68:301</position>
  </item>
  <item>
    <name>订单-订单号_7</name>
    <font>Verdana</font>
    <fontsize>12</fontsize>
    <border>0</border>
    <italic>0</italic>
    <align>left</align>
    <position>153:49:371:300</position>
  </item>
  <item>
    <name>始发地-地区_0</name>
    <font>Verdana</font>
    <fontsize>12</fontsize>
    <border>0</border>
    <italic>0</italic>
    <align>left</align>
    <position>110:60:252:89</position>
  </item>
  <item>
    <name>目的地-地区_1</name>
    <font>Verdana</font>
    <fontsize>12</fontsize>
    <border>0</border>
    <italic>0</italic>
    <align>left</align>
    <position>110:60:458:86</position>
  </item>
</printer>
