<printer>
  <size>230:127</size>
  <pic>2010111734679.jpg</pic>
  <kind>EMS</kind>
  <item>
    <name>收货人-姓名_0</name>
    <font>Verdana</font>
    <fontsize>12</fontsize>
    <border>0</border>
    <italic>0</italic>
    <align>left</align>
    <position>132:55:490:118</position>
  </item>
  <item>
    <name>收货人-地址_1</name>
    <font>Verdana</font>
    <fontsize>12</fontsize>
    <border>0</border>
    <italic>0</italic>
    <align>left</align>
    <position>359:78:433:194</position>
  </item>
  <item>
    <name>收货人-手机_3</name>
    <font>Verdana</font>
    <fontsize>12</fontsize>
    <border>0</border>
    <italic>0</italic>
    <align>left</align>
    <position>151:56:654:118</position>
  </item>
  <item>
    <name>收货人-邮编_4</name>
    <font>Verdana</font>
    <fontsize>12</fontsize>
    <border>0</border>
    <italic>0</italic>
    <align>left</align>
    <position>131:53:672:245</position>
  </item>
  <item>
    <name>收货人-地区2级_5</name>
    <font>Verdana</font>
    <fontsize>12</fontsize>
    <border>0</border>
    <italic>0</italic>
    <align>left</align>
    <position>117:52:472:243</position>
  </item>
  <item>
    <name>发货人-姓名_6</name>
    <font>Verdana</font>
    <fontsize>12</fontsize>
    <border>0</border>
    <italic>0</italic>
    <align>left</align>
    <position>110:55:132:120</position>
  </item>
  <item>
    <name>发货人-地址_8</name>
    <font>Verdana</font>
    <fontsize>12</fontsize>
    <border>0</border>
    <italic>0</italic>
    <align>left</align>
    <position>340:76:75:193</position>
  </item>
  <item>
    <name>发货人-邮编_10</name>
    <font>Verdana</font>
    <fontsize>12</fontsize>
    <border>0</border>
    <italic>0</italic>
    <align>left</align>
    <position>118:52:317:242</position>
  </item>
  <item>
    <name>发货人-手机_11</name>
    <font>Verdana</font>
    <fontsize>12</fontsize>
    <border>0</border>
    <italic>0</italic>
    <align>left</align>
    <position>146:55:286:122</position>
  </item>
  <item>
    <name>网店名称_12</name>
    <font>Verdana</font>
    <fontsize>12</fontsize>
    <border>0</border>
    <italic>0</italic>
    <align>left</align>
    <position>350:51:80:154</position>
  </item>
  <item>
    <name>订单-订单号_0</name>
    <font>Verdana</font>
    <fontsize>12</fontsize>
    <border>0</border>
    <italic>0</italic>
    <align>left</align>
    <position>146:57:74:347</position>
  </item>
  <item>
    <name>订单-详情_1</name>
    <font>Verdana</font>
    <fontsize>12</fontsize>
    <border>0</border>
    <italic>0</italic>
    <align>left</align>
    <position>312:73:73:289</position>
  </item>
  <item>
    <name>收货人-地区1级_2</name>
    <font>Verdana</font>
    <fontsize>12</fontsize>
    <border>0</border>
    <italic>0</italic>
    <align>left</align>
    <position>128:58:493:166</position>
  </item>
  <item>
    <name>收货人-地区2级_3</name>
    <font>Verdana</font>
    <fontsize>12</fontsize>
    <border>0</border>
    <italic>0</italic>
    <align>left</align>
    <position>123:58:591:166</position>
  </item>
  <item>
    <name>收货人-地区3级_4</name>
    <font>Verdana</font>
    <fontsize>12</fontsize>
    <border>0</border>
    <italic>0</italic>
    <align>left</align>
    <position>121:58:683:166</position>
  </item>
  <item>
    <name>订单-总金额_0</name>
    <font>Verdana</font>
    <fontsize>12</fontsize>
    <border>0</border>
    <italic>0</italic>
    <align>left</align>
    <position>132:55:486:298</position>
  </item>
</printer>
