<printer>
  <size>230:127</size>
  <pic>2010111771175.jpg</pic>
  <kind>申通物流</kind>
  <item>
    <name>收货人-姓名_0</name>
    <font>Verdana</font>
    <fontsize>12</fontsize>
    <border>0</border>
    <italic>0</italic>
    <align>left</align>
    <position>136:48:463:97</position>
  </item>
  <item>
    <name>发货人-地址_2</name>
    <font>Verdana</font>
    <fontsize>12</fontsize>
    <border>0</border>
    <italic>0</italic>
    <align>left</align>
    <position>338:93:63:191</position>
  </item>
  <item>
    <name>发货人-手机_4</name>
    <font>Verdana</font>
    <fontsize>12</fontsize>
    <border>0</border>
    <italic>0</italic>
    <align>left</align>
    <position>224:82:137:228</position>
  </item>
  <item>
    <name>收货人-手机_6</name>
    <font>Verdana</font>
    <fontsize>12</fontsize>
    <border>0</border>
    <italic>0</italic>
    <align>left</align>
    <position>176:62:479:230</position>
  </item>
  <item>
    <name>收货人-地址_7</name>
    <font>Verdana</font>
    <fontsize>12</fontsize>
    <border>0</border>
    <italic>0</italic>
    <align>left</align>
    <position>319:107:426:195</position>
  </item>
  <item>
    <name>网店名称_8</name>
    <font>Verdana</font>
    <fontsize>12</fontsize>
    <border>0</border>
    <italic>0</italic>
    <align>left</align>
    <position>237:108:107:129</position>
  </item>
  <item>
    <name>发货人-姓名_9</name>
    <font>Verdana</font>
    <fontsize>12</fontsize>
    <border>0</border>
    <italic>0</italic>
    <align>left</align>
    <position>187:83:121:95</position>
  </item>
  <item>
    <name>发货人-地区1级_0</name>
    <font>Verdana</font>
    <fontsize>12</fontsize>
    <border>0</border>
    <italic>0</italic>
    <align>left</align>
    <position>144:99:107:167</position>
  </item>
  <item>
    <name>发货人-地区2级_1</name>
    <font>Verdana</font>
    <fontsize>12</fontsize>
    <border>0</border>
    <italic>0</italic>
    <align>left</align>
    <position>146:99:202:167</position>
  </item>
  <item>
    <name>发货人-地区3级_2</name>
    <font>Verdana</font>
    <fontsize>12</fontsize>
    <border>0</border>
    <italic>0</italic>
    <align>left</align>
    <position>131:101:302:167</position>
  </item>
  <item>
    <name>收货人-地区1级_3</name>
    <font>Verdana</font>
    <fontsize>12</fontsize>
    <border>0</border>
    <italic>0</italic>
    <align>left</align>
    <position>135:92:468:163</position>
  </item>
  <item>
    <name>收货人-地区2级_4</name>
    <font>Verdana</font>
    <fontsize>12</fontsize>
    <border>0</border>
    <italic>0</italic>
    <align>left</align>
    <position>151:90:557:163</position>
  </item>
  <item>
    <name>收货人-地区3级_5</name>
    <font>Verdana</font>
    <fontsize>12</fontsize>
    <border>0</border>
    <italic>0</italic>
    <align>left</align>
    <position>104:59:655:163</position>
  </item>
  <item>
    <name>收货人-电话_6</name>
    <font>Verdana</font>
    <fontsize>12</fontsize>
    <border>0</border>
    <italic>0</italic>
    <align>left</align>
    <position>154:59:628:232</position>
  </item>
  <item>
    <name>订单-订单号_7</name>
    <font>Verdana</font>
    <fontsize>12</fontsize>
    <border>0</border>
    <italic>0</italic>
    <align>left</align>
    <position>264:66:159:323</position>
  </item>
  <item>
    <name>订单-详情_8</name>
    <font>Verdana</font>
    <fontsize>12</fontsize>
    <border>0</border>
    <italic>0</italic>
    <align>left</align>
    <position>351:89:71:255</position>
  </item>
  <item>
    <name>目的地-地区_0</name>
    <font>Verdana</font>
    <fontsize>12</fontsize>
    <border>0</border>
    <italic>0</italic>
    <align>left</align>
    <position>120:57:621:97</position>
  </item>
  <item>
    <name>始发地-地区_1</name>
    <font>Verdana</font>
    <fontsize>12</fontsize>
    <border>0</border>
    <italic>0</italic>
    <align>left</align>
    <position>163:84:263:95</position>
  </item>
</printer>
