<printer>
  <size>215:140</size>
  <pic>2010111766071.jpg</pic>
  <kind>顺丰快递</kind>
  <item>
    <name>收货人-姓名_0</name>
    <font>Verdana</font>
    <fontsize>12</fontsize>
    <border>0</border>
    <italic>0</italic>
    <align>left</align>
    <position>103:47:290:269</position>
  </item>
  <item>
    <name>收货人-地址_1</name>
    <font>Verdana</font>
    <fontsize>12</fontsize>
    <border>0</border>
    <italic>0</italic>
    <align>left</align>
    <position>323:72:57:329</position>
  </item>
  <item>
    <name>收货人-电话_2</name>
    <font>Verdana</font>
    <fontsize>12</fontsize>
    <border>0</border>
    <italic>0</italic>
    <align>left</align>
    <position>118:50:222:381</position>
  </item>
  <item>
    <name>收货人-手机_3</name>
    <font>Verdana</font>
    <fontsize>12</fontsize>
    <border>0</border>
    <italic>0</italic>
    <align>left</align>
    <position>114:49:87:381</position>
  </item>
  <item>
    <name>发货人-姓名_4</name>
    <font>Verdana</font>
    <fontsize>12</fontsize>
    <border>0</border>
    <italic>0</italic>
    <align>left</align>
    <position>107:49:286:149</position>
  </item>
  <item>
    <name>发货人-地址_5</name>
    <font>Verdana</font>
    <fontsize>12</fontsize>
    <border>0</border>
    <italic>0</italic>
    <align>left</align>
    <position>298:74:93:176</position>
  </item>
  <item>
    <name>发货人-电话_6</name>
    <font>Verdana</font>
    <fontsize>12</fontsize>
    <border>0</border>
    <italic>0</italic>
    <align>left</align>
    <position>119:49:235:228</position>
  </item>
  <item>
    <name>发货人-手机_7</name>
    <font>Verdana</font>
    <fontsize>12</fontsize>
    <border>0</border>
    <italic>0</italic>
    <align>left</align>
    <position>123:48:84:225</position>
  </item>
  <item>
    <name>网店名称_8</name>
    <font>Verdana</font>
    <fontsize>12</fontsize>
    <border>0</border>
    <italic>0</italic>
    <align>left</align>
    <position>177:45:99:148</position>
  </item>
  <item>
    <name>收货人-地区1级_0</name>
    <font>Verdana</font>
    <fontsize>12</fontsize>
    <border>0</border>
    <italic>0</italic>
    <align>left</align>
    <position>120:52:82:299</position>
  </item>
  <item>
    <name>收货人-地区2级_1</name>
    <font>Verdana</font>
    <fontsize>12</fontsize>
    <border>0</border>
    <italic>0</italic>
    <align>left</align>
    <position>120:52:177:299</position>
  </item>
  <item>
    <name>收货人-地区3级_2</name>
    <font>Verdana</font>
    <fontsize>12</fontsize>
    <border>0</border>
    <italic>0</italic>
    <align>left</align>
    <position>115:53:272:299</position>
  </item>
  <item>
    <name>订单-订单号_5</name>
    <font>Verdana</font>
    <fontsize>12</fontsize>
    <border>0</border>
    <italic>0</italic>
    <align>left</align>
    <position>157:57:54:454</position>
  </item>
  <item>
    <name>订单-备注_6</name>
    <font>Verdana</font>
    <fontsize>12</fontsize>
    <border>0</border>
    <italic>0</italic>
    <align>left</align>
    <position>214:65:570:480</position>
  </item>
  <item>
    <name>订单-详情_7</name>
    <font>Verdana</font>
    <fontsize>12</fontsize>
    <border>0</border>
    <italic>0</italic>
    <align>left</align>
    <position>301:59:53:415</position>
  </item>
  <item>
    <name>始发地-地区_0</name>
    <font>Verdana</font>
    <fontsize>12</fontsize>
    <border>0</border>
    <italic>0</italic>
    <align>left</align>
    <position>110:60:560:70</position>
  </item>
  <item>
    <name>目的地-地区_1</name>
    <font>Verdana</font>
    <fontsize>12</fontsize>
    <border>0</border>
    <italic>0</italic>
    <align>left</align>
    <position>110:60:662:71</position>
  </item>
</printer>
